rsID	CHR	POS	Effect_Allele	Non_Effect_Allele	BETA	SE	P
rs2042995	2	179558366	C	T	0.172193	0.0242183	1.2e-12
rs56078722	3	124420735	T	C	-0.161154	0.0279223	7.9e-09
rs572118015	3	196527497	C	T	2.21501	0.355689	4.7e-10
rs1892252	6	25772639	C	G	0.15306	0.0277552	3.5e-08
rs149897	6	28006650	G	A	-0.123681	0.022055	2e-08
rs111846618	7	73554836	C	T	-0.216041	0.0370781	5.7e-09
rs55963900	7	120977734	A	G	-0.13178	0.022519	4.9e-09
rs76871782	7	145200948	G	A	8.73297	1.47709	3.4e-09
rs1991860	8	75737818	T	C	-0.16939	0.0206412	2.3e-16
rs2202	10	30168699	T	C	-0.129675	0.0217878	2.7e-09
rs183837045	19	41024118	T	C	-0.554014	0.0942024	4.1e-09
