rsID	CHR	POS	Effect_Allele	Non_Effect_Allele	BETA	SE	P
rs2042995	2	179558366	C	T	0.20834	0.01104	1.21449e-12
rs56078722	3	124420735	T	C	-0.139262	0.013003	8.62433019e-09
rs572118015	3	196527497	C	T	1.343318	0.170353	5.1382667e-10
rs1892252	6	25772639	C	G	0.170323	0.037759	3.617831284e-08
rs149897	6	28006650	G	A	-0.089663	0.027926	2.032506155e-08
rs111846618	7	73554836	C	T	-0.179099	0.060049	6.11382641e-09
rs55963900	7	120977734	A	G	-0.148191	0.020325	4.64524953e-09
rs76871782	7	145200948	G	A	6.990044	2.005797	3.47258478e-09
rs1991860	8	75737818	T	C	-0.229925	0.013637	2.2e-16
rs2202	10	30168699	T	C	-0.16766	0.025903	2.84120985e-09
rs183837045	19	41024118	T	C	-0.837279	0.097636	4.43431253e-09
