PheWAS_Category	Ethnicity	Description	Data_Field	Independent_Var	Samples	-log(p)	p-val	beta	std_error	Category	Gene	Original_beta	Original_pval	Direction
example	White	Forced vital capacity (FVC)	f.3062.0.0	rs6426192	834/969	17.492504841507383	3.2173266657935787e-18	1.698183395720858	0.1781193369931227	Breathing	DDX11L1, DDX11L17	0.015	1.3e-09	S
example	White	Forced expiratory volume in 1-second (FEV1)	f.3063.0.1	rs6426192	831/969	15.350108283297711	4.465722337408769e-16	1.2868860168127532	0.1460282693345594	Breathing	DDX11L1, DDX11L17	0.015	1.3e-09	S
example	White	Forced vital capacity (FVC)	f.3062.0.1	rs6426192	834/969	11.099431896862146	7.953679800085017e-12	1.2990727111170364	0.1794794500309664	Breathing	DDX11L1, DDX11L17	0.015	1.3e-09	S
example	White	Peak expiratory flow (PEF)	f.3064.0.0	rs6426192	831/969	10.257423857016654	5.528103213041445e-11	170.50816961349636	24.657299436487584	Breathing	DDX11L1, DDX11L17	0.015	1.3e-09	S
example	White	Forced expiratory volume in 1-second (FEV1)	f.3063.0.0	rs6426192	832/969	10.143966242436852	7.178500873472552e-11	0.978675048698848	0.1427122222047954	Breathing	DDX11L1, DDX11L17	0.015	1.3e-09	S
example	White	Forced vital capacity (FVC)	f.3062.0.2	rs6426192	620/969	7.919468482402207	1.2037367441452625e-08	1.3601575600420053	0.2251830819713632	Breathing	DDX11L1, DDX11L17	0.015	1.3e-09	S
example	White	Forced expiratory volume in 1-second (FEV1)	f.3063.0.2	rs6426192	631/969	7.756981020458677	1.749923162111267e-08	0.991176041900775	0.1666740278677345	Breathing	DDX11L1, DDX11L17	0.015	1.3e-09	S
example	White	Peak expiratory flow (PEF)	f.3064.0.1	rs6426192	833/969	4.893603364261165	1.2776050969676357e-05	107.1775172492564	23.98390284442579	Breathing	DDX11L1, DDX11L17	0.015	1.3e-09	S
example	White	Peak expiratory flow (PEF)	f.3064.0.2	rs6426192	624/969	4.3285002359458336	4.693531793244154e-05	137.90125996814774	32.84961618191902	Breathing	DDX11L1, DDX11L17	0.015	1.3e-09	S
