PheWAS_Category	Ethnicity	Description	Data_Field	Independent_Var	Samples	-log(p)	p-val	beta	std_error	Category	Gene	Original_beta	Original_pval	Direction
example	White	Hand grip strength (right)	f.47.0.0	rs6426192	913/969	9.66265920978595	2.1744067632446222e-10	12.787346068097309	1.9277779402483672	Hands	DDX11L1, DDX11L17	0.015	1.3e-09	S
example	White	Hand grip strength (left)	f.46.0.0	rs6426192	913/969	6.634055581905725	2.322439546721219e-07	11.253897659879827	2.1132431152729603	Hands	DDX11L1, DDX11L17	0.015	1.3e-09	S
