PheWAS_Category	Ethnicity	Description	Data_Field	Independent_Var	Samples	-log(p)	p-val	beta	std_error	Category	Gene	Original_beta	Original_pval	Direction
example	White	Diastolic blood pressure, automated reading	f.4079.0.1	rs6426192	848/969	43.57359763129784	2.669330622482956e-44	33.49136845692551	1.8881932794860767	Heart	DDX11L1, DDX11L17	0.015	1.3e-09	S
example	White	Systolic blood pressure, automated reading	f.4080.0.0	rs6426192	860/969	40.2023733923682	6.2751860658617e-41	56.57929256256959	3.40917868851491	Heart	DDX11L1, DDX11L17	0.015	1.3e-09	S
example	White	Diastolic blood pressure, automated reading	f.4079.0.0	rs6426192	860/969	36.8257667078659	1.4935965168181404e-37	31.714881898513532	2.038128282324067	Heart	DDX11L1, DDX11L17	0.015	1.3e-09	S
example	White	Pulse rate, automated reading	f.102.0.0	rs6426192	860/969	34.144417176211086	7.171051208133653e-35	30.00215154854188	2.0211174813591057	Heart	DDX11L1, DDX11L17	0.015	1.3e-09	S
example	White	Systolic blood pressure, automated reading	f.4080.0.1	rs6426192	846/969	32.36039625375482	4.3611773334947395e-33	57.00411162062001	3.992729904156496	Heart	DDX11L1, DDX11L17	0.015	1.3e-09	S
example	White	Pulse rate, automated reading	f.102.0.1	rs6426192	846/969	26.471453357557344	3.377121163655599e-27	26.161717472087	2.098783590354169	Heart	DDX11L1, DDX11L17	0.015	1.3e-09	S
example	White	Method of measuring blood pressure	f.4081.0.1	rs6426192	914/969	19.11472414447241	7.678490574967749e-20	0.4304003117320247	0.0431131414924917	Heart	DDX11L1, DDX11L17	0.015	1.3e-09	S
example	White	Method of measuring blood pressure	f.4081.0.0	rs6426192	915/969	15.43196133227168	3.6986110916993073e-16	0.475670694514695	0.0543108963851532	Heart	DDX11L1, DDX11L17	0.015	1.3e-09	S
example	White	Pulse rate	f.4194.0.0	rs6426192	290/969	8.02744082172368	9.387699475823916e-09	22.089035066405312	3.2785263524958896	Heart	DDX11L1, DDX11L17	0.015	1.3e-09	S
