PheWAS_Category	Data_Field	Independent_Var	Samples	-log(p)	p-val	beta	std_error	Gene	Category	Original_beta	Original_pval	Direction
example	Mean corpuscular haemoglobin concentration	rs6426192	935/969	9.236406905551236	5.802205340426823e-10	19.244721064558412	3.0711176798614006	DDX11L1, DDX11L17	Blood count	0.015	1.3e-09	S
example	Sitting height	rs6426192	961/969	7.273027720500001	5.3330085444228354e-08	82.94256288067807	15.117120106498382	DDX11L1, DDX11L17	Body size measures	0.015	1.3e-09	S
example	Methods of discharge from hospital (recoded)	rs6426192	794/969	9.236406905551236	0.0	399.3930042746515	0.596335395931262	DDX11L1, DDX11L17	Summary Administration	0.015	1.3e-09	S
